2022-02-02;14:42:31,192;0x7fbd0851e7a0 ;23,34
2022-02-02;14:42:34,173;0x7fbd0851e7a0 ;23,32
2022-02-02;14:45:25,295;0x7fbd0851f610 ;23,45
2022-02-02;14:45:29,590;0x7fbd0851e7a0 ;23,32
2022-02-02;14:55:41,543;0x7f3dfc25e920 ;23,32
2022-02-02;14:55:44,438;0x7f3dfc25e920 ;23,32
2022-02-02;14:58:39,821;0x7f3dfc0f6920 ;22,77
2022-02-02;14:58:42,765;0x7f3dfc0f6860 ;22,46
2022-02-02;15:02:10,588;0x7f12d646ea70 ;23,34
2022-02-02;15:02:13,644;0x7f12d646ea70 ;23,34
2022-02-02;15:05:00,989;0x7f12d63065f0 ;22,75
2022-02-02;15:07:41,551;0x7f96a6f96e60 ;23,34
2022-02-02;15:07:44,478;0x7f96a6f96e60 ;23,32
2022-02-02;15:10:37,822;0x7f96a6e2ec20 ;22,4
2022-02-02;15:10:43,280;0x7f96a6e2eda0 ;22,46
2022-02-02;15:10:57,716;0x7f96a6e2ece0 ;21,66
2022-02-02;15:11:47,071;0x7f11642f6d70 ;23,34
2022-02-02;15:11:47,568;0x7f11642f6d70 ;23,32
2022-02-02;15:12:24,055;0x7f116418ebf0 ;21,64
2022-02-02;15:12:51,857;0x7f116418ecb0 ;22,46
2022-02-02;15:13:36,650;0x7f4b3c772aa0 ;23,32
2022-02-02;15:13:39,610;0x7f4b3c772aa0 ;23,34
2022-02-02;15:30:43,402;0x7ff15c7d2d40 ;23,34
2022-02-02;15:30:46,388;0x7ff15c7d2d40 ;23,32
2022-02-02;15:38:56,190;0x7f3826daaad0 ;23,32
2022-02-02;15:38:59,182;0x7f3826daaad0 ;23,32
2022-02-02;15:42:21,879;0x7f1f20556680 ;23,32
2022-02-02;15:42:24,814;0x7f1f20556680 ;23,32
2022-02-02;15:47:02,640;0x7fec045c0fa0 ;23,32
2022-02-02;15:47:05,609;0x7fec045c0fa0 ;23,32
2022-02-02;15:48:10,032;0x7fd8abfc2aa0 ;23,32
2022-02-02;15:48:13,050;0x7fd8abfc2aa0 ;23,32
2022-02-02;15:51:01,470;0x7fd8abe56860 ;22,4
2022-02-02;15:52:34,935;0x7fd8abe569e0 ;22,46
2022-02-02;15:53:34,665;0x7fd8abe569e0 ;22,46
2022-02-02;16:15:55,488;0x7fa8b24528c0 ;22,4
2022-02-02;16:15:58,420;0x7fa8b24528c0 ;22,4
2022-02-02;16:16:31,607;0x7fa8b24528c0 ;22,4
2022-02-02;16:16:35,616;0x7fa8b2452980 ;21,53
2022-02-02;16:16:40,595;0x7fa8b2452a40 ;22,48
2022-02-02;16:16:45,278;0x7fa8b2452b00 ;22,78
2022-02-02;16:16:49,337;0x7fa8b2452bc0 ;22,35
2022-02-02;16:16:53,691;0x7fa8b2452b00 ;22,78
2022-02-02;16:16:57,576;0x7fa8b2452a40 ;22,48
2022-02-02;16:17:02,307;0x7fa8b2452980 ;21,53
2022-02-02;16:17:06,319;0x7fa8b2452a40 ;22,48
2022-02-02;16:17:26,616;0x7fa8b2452a40 ;22,48
2022-02-02;16:17:32,374;0x7fa8b2452a40 ;22,48
2022-02-02;16:17:37,671;0x7fa8b2452980 ;21,66
2022-02-02;16:17:41,215;0x7fa8b24528c0 ;22,4
2022-02-02;16:18:02,559;0x7fa8b2452b00 ;22,78
2022-02-02;16:18:12,994;0x7fa8b24528c0 ;22,4
2022-02-02;16:18:37,681;0x7fa8b2452b00 ;22,8
2022-02-02;16:18:48,520;0x7fa8b2452980 ;21,49
2022-02-02;16:21:10,142;0x7fa800c6ae00 ;23,32
2022-02-02;16:21:13,158;0x7fa800c6ae00 ;23,32
2022-02-02;16:21:47,504;0x7fa800c6ae00 ;23,32
2022-02-02;16:21:56,805;0x7fa800c6bdc0 ;23,24
2022-02-02;16:22:08,795;0x7fa800c6ae00 ;23,32
2022-02-02;16:22:15,294;0x7fa800c6bc70 ;23,43
2022-02-02;16:23:12,068;0x7fb8884fa170 ;22,73
2022-02-02;16:23:15,027;0x7fb8884fa170 ;22,75
2022-02-02;16:23:50,686;0x7fb8884fa170 ;22,73
2022-02-02;16:24:38,836;0x7f6e7e4567a0 ;22,59
2022-02-02;16:24:41,770;0x7f6e7e4567a0 ;22,59
2022-02-02;16:25:20,585;0x7f6e7e456920 ;22,4
2022-02-02;16:26:03,769;0x7f6e7e4567a0 ;22,59
2022-02-02;16:45:11,622;0x7f6e7e4567a0 ;22,59
2022-02-02;16:45:41,595;0x7f6e7e456860 ;22,84
2022-02-02;16:45:49,698;0x7f6e7e456920 ;22,42
2022-02-02;16:46:01,369;0x7f6e7e4569e0 ;21,59
2022-02-02;16:46:37,614;0x7f6e7e4567a0 ;22,59
2022-02-02;19:02:08,287;0x7f8ff8376860 ;22,52
2022-02-02;19:02:11,200;0x7f8ff8376860 ;22,52
2022-02-02;19:05:37,410;0x7f6d8ecd8b50 ;22,54
2022-02-02;19:05:40,440;0x7f6d8ecd8b50 ;22,54
2022-02-02;19:06:05,680;0x7f6d8ecd8d90 ;21,47
2022-02-02;19:06:08,604;0x7f6d8ecd8b50 ;22,52
2022-02-02;19:06:23,384;0x7f6d8ecd8c10 ;22,78
2022-02-02;19:06:26,909;0x7f6d8ecd8b50 ;22,54
2022-02-02;19:06:33,717;0x7f6d8ecd8c10 ;22,78
2022-02-02;19:06:41,478;0x7f6d8ecd8b50 ;22,54
2022-02-02;19:07:03,584;0x7f6d8ecd8b50 ;22,54
2022-02-02;19:13:57,797;0x7f467c0ae770 ;22,54
2022-02-02;19:14:03,426;0x7f467c0ae770 ;22,54
2022-02-02;19:14:52,007;0x7f467c0ae770 ;22,54
2022-02-02;19:15:34,284;0x7f537c27e9b0 ;22,54
2022-02-02;19:15:39,857;0x7f537c27e9b0 ;22,54
2022-02-02;19:16:27,776;0x7f537c27e9b0 ;22,54
2022-02-02;19:17:39,186;0x7f9edc2869e0 ;22,54
2022-02-02;19:17:43,628;0x7f9edc2869e0 ;22,56
2022-02-02;19:18:17,319;0x7f9edc2869e0 ;22,54
2022-02-02;19:18:36,173;0x7f34900b65c0 ;22,54
2022-02-02;19:18:39,108;0x7f34900b65c0 ;22,56
2022-02-02;19:19:18,684;0x7f34900b65c0 ;22,56
2022-02-02;19:19:35,585;0x7f34900b65c0 ;22,56
2022-02-02;19:19:56,979;0x7f34900b6680 ;22,77
2022-02-02;19:20:02,086;0x7f34900b65c0 ;22,54
2022-02-02;19:20:05,771;0x7f34900b6740 ;22,37
2022-02-02;19:20:09,577;0x7f34900b6800 ;21,59
2022-02-02;19:20:58,570;0x7f34900b65c0 ;22,54
2022-02-02;19:23:45,118;0x7fada2f5a710 ;22,67
2022-02-02;19:23:45,632;0x7fada2f5a710 ;22,67
2022-02-02;19:24:10,956;0x7fada2f5a710 ;22,67
2022-02-02;19:24:12,485;0x7fada2f5a7d0 ;22,56
2022-02-02;19:24:13,670;0x7fada2f5a890 ;22,78
2022-02-02;19:24:14,458;0x7fada2f5a950 ;22,37
2022-02-02;19:24:19,959;0x7fada2f5a710 ;22,67
2022-02-02;19:24:25,952;0x7fada2f5a710 ;22,67
2022-02-02;19:24:30,446;0x7fada2f5a710 ;22,67
2022-02-02;19:24:35,955;0x7fada2f5a710 ;22,67
2022-02-02;19:24:40,261;0x7fada2f5a950 ;22,37
2022-02-02;19:24:44,045;0x7fada2f5a710 ;22,67
2022-02-02;19:24:48,150;0x7fada2f5a710 ;22,67
2022-02-02;19:24:52,449;0x7fada2f5a710 ;22,67
2022-02-02;19:25:12,705;0x7f4ea84feb90 ;23,28
2022-02-02;19:25:13,229;0x7f4ea84feb90 ;23,28
2022-02-02;19:26:00,776;0x7f4ea8392950 ;22,37
2022-02-02;19:30:57,619;0x7f85b82f29e0 ;22,54
2022-02-02;19:31:02,073;0x7f85b82f29e0 ;22,54
2022-02-02;19:31:20,474;0x7fad43e5a800 ;22,54
2022-02-02;19:31:24,909;0x7fad43e5a800 ;22,54
2022-02-02;19:32:03,924;0x7fad43e5a800 ;22,54
2022-02-02;19:32:56,764;0x7f19e4bf6ce0 ;22,56
2022-02-02;19:33:02,379;0x7f19e4bf6ce0 ;22,54
2022-02-02;21:33:50,621;0x7fd9c84626e0 ;22,56
2022-02-02;21:33:56,240;0x7fd9c84626e0 ;22,56
2022-02-02;21:34:50,469;0x7f9c4c2466b0 ;22,56
2022-02-02;21:34:56,071;0x7f9c4c2466b0 ;22,56
2022-02-02;21:36:59,054;0x7f9c4c2466b0 ;22,56
2022-02-02;21:43:05,627;0x7f4de2cee530 ;22,56
2022-02-02;21:43:08,582;0x7f4de2cee530 ;22,56
2022-02-02;21:46:52,193;0x7f7ef4312890 ;22,54
2022-02-02;21:46:55,153;0x7f7ef4312890 ;22,56
2022-02-02;23:17:55,398;0x7f7ef4312890 ;22,56
2022-02-03;14:01:22,430;0x7f62f079ebc0 ;23,41
2022-02-03;14:01:25,416;0x7f62f079ebc0 ;23,41
2022-02-03;14:02:17,623;0x7f62f079fa30 ;23,56
2022-02-03;14:02:21,134;0x7f62f079ebc0 ;23,41
2022-02-03;14:02:43,016;0x7f62f079ebc0 ;23,41
2022-02-03;14:03:09,601;0x7f62f079ebc0 ;23,41
2022-02-03;14:03:15,946;0x7f62f079fa30 ;23,56
2022-02-03;14:03:21,987;0x7f62f0634f40 ;23,3
2022-02-03;16:27:48,514;0x7f62f079ebc0 ;23,89
2022-02-03;16:27:56,189;0x7f62f079ebc0 ;23,89
2022-02-03;16:27:59,807;0x7f62f079fa30 ;24,13
2022-02-03;16:28:05,255;0x7f62f079fa30 ;24,13
2022-02-03;16:28:09,006;0x7f62f079fb80 ;23,94
2022-02-03;16:28:15,921;0x7f62f079fb80 ;23,94
2022-02-03;16:28:20,092;0x7f62f0634880 ;23,83
2022-02-03;16:28:25,399;0x7f62f0634880 ;23,83
2022-02-03;16:28:29,225;0x7f62f0634940 ;24,04
2022-02-03;16:28:34,389;0x7f62f0634940 ;24,06
2022-02-03;16:28:38,201;0x7f62f0634a00 ;23,75
2022-02-03;16:28:43,940;0x7f62f0634a00 ;23,77
2022-02-03;16:28:47,484;0x7f62f0634c40 ;24,02
2022-02-03;16:28:52,321;0x7f62f0634c40 ;24,04
2022-02-03;16:28:55,881;0x7f62f0634d00 ;23,91
2022-02-03;16:29:01,108;0x7f62f0634d00 ;23,91
2022-02-03;16:29:05,300;0x7f62f0634dc0 ;23,66
2022-02-03;16:29:10,609;0x7f62f0634dc0 ;23,66
2022-02-03;16:29:19,388;0x7f62f0634e80 ;23,35
2022-02-04;08:44:34,286;0x7f62f079ebc0 ;24,08
2022-02-04;08:44:40,828;0x7f62f079ebc0 ;24,08
2022-02-04;08:44:44,302;0x7f62f079fa30 ;24,21
2022-02-04;08:44:47,528;0x7f62f079fb80 ;23,98
2022-02-04;08:44:52,949;0x7f62f0634880 ;24,06
2022-02-04;08:45:09,298;0x7f62f079ebc0 ;24,08
2022-02-04;08:45:14,310;0x7f62f079ebc0 ;24,08
2022-02-04;08:45:29,390;0x7f62f079fa30 ;24,21
2022-02-04;08:45:32,892;0x7f62f079ebc0 ;24,09
2022-02-04;08:45:44,764;0x7f62f079ebc0 ;24,08
2022-02-04;08:45:48,386;0x7f62f079fa30 ;24,21
2022-02-04;08:45:53,921;0x7f62f079fa30 ;24,21
2022-02-04;08:45:57,301;0x7f62f079fb80 ;23,98
2022-02-04;08:46:02,475;0x7f62f079fb80 ;23,98
2022-02-04;08:46:06,003;0x7f62f0634880 ;24,04
2022-02-04;08:46:12,102;0x7f62f0634880 ;24,06
2022-02-04;08:46:15,604;0x7f62f0634940 ;24,17
2022-02-04;08:46:24,209;0x7f62f0634940 ;24,19
2022-02-04;08:46:27,701;0x7f62f0634a00 ;23,89
2022-02-04;08:46:33,510;0x7f62f0634a00 ;23,89
2022-02-04;08:46:37,098;0x7f62f0634940 ;24,19
2022-02-04;08:46:47,692;0x7f62f0634940 ;24,19
2022-02-04;08:46:53,876;0x7f62f0634940 ;24,17
2022-02-04;08:46:57,910;0x7f62f0634c40 ;24,25
2022-02-04;08:47:04,830;0x7f62f0634c40 ;24,27
2022-02-04;08:47:08,388;0x7f62f0634d00 ;24,15
2022-02-04;08:47:14,198;0x7f62f0634d00 ;24,15
2022-02-04;08:47:17,676;0x7f62f0634dc0 ;23,87
2022-02-04;08:47:23,422;0x7f62f0634dc0 ;23,87
2022-02-04;08:47:26,897;0x7f62f0634e80 ;23,52
2022-02-04;09:06:41,771;0x7f62f079ebc0 ;24,09
2022-02-04;09:08:12,981;0x7f62f079fa30 ;24,21
2022-02-04;09:08:15,970;0x7f62f079ebc0 ;24,08
2022-02-04;09:11:07,125;0x7f62f079fa30 ;24,21
2022-02-04;09:11:12,102;0x7f62f079ebc0 ;24,08
2022-02-04;09:11:16,502;0x7f62f079fa30 ;24,21
2022-02-04;09:11:22,207;0x7f62f079ebc0 ;24,08
2022-02-04;09:17:13,494;0x7f62f079fa30 ;24,21
2022-02-04;09:17:22,003;0x7f62f079ebc0 ;24,08
2022-02-04;09:17:28,808;0x7f62f079fa30 ;24,21
2022-02-04;09:17:32,206;0x7f62f079ebc0 ;24,08
2022-02-04;09:17:36,202;0x7f62f079fa30 ;24,21
2022-02-04;09:17:43,585;0x7f62f079fb80 ;23,98
2022-02-04;09:17:46,874;0x7f62f079fa30 ;24,21
2022-02-04;09:17:50,395;0x7f62f079fb80 ;23,98
2022-02-04;09:17:57,284;0x7f62f079fc70 ;23,47
2022-02-04;09:18:00,229;0x7f62f079fb80 ;23,98
2022-02-04;09:18:07,290;0x7f62f0634880 ;24,04
2022-02-04;09:19:24,694;0x7f62f0634880 ;24,06
2022-02-04;09:19:27,633;0x7f62f0634940 ;24,19
2022-02-04;09:19:33,995;0x7f62f0634a00 ;23,91
2022-02-04;09:19:41,205;0x7f62f0634940 ;24,19
2022-02-04;09:19:44,668;0x7f62f0634a00 ;23,89
2022-02-04;09:21:33,704;0x7f62f0634940 ;24,19
2022-02-04;09:21:40,565;0x7f62f0634940 ;24,19
2022-02-04;09:21:45,785;0x7f62f0634a00 ;23,89
2022-02-04;09:21:48,734;0x7f62f0634940 ;24,19
2022-02-04;09:21:52,373;0x7f62f0634940 ;24,19
2022-02-04;09:22:15,290;0x7f62f0634940 ;24,19
2022-02-04;09:22:32,601;0x7f62f0634940 ;24,19
2022-02-04;09:22:43,272;0x7f62f0634940 ;24,19
2022-02-04;09:23:50,164;0x7f62f0634c40 ;24,27
2022-02-04;09:23:54,773;0x7f62f0634d00 ;24,17
2022-02-04;09:23:59,741;0x7f62f0634dc0 ;23,87
2022-02-04;09:24:10,728;0x7f62f079ebc0 ;24,08
2022-02-04;09:25:29,089;0x7f62f0634dc0 ;23,89
2022-02-04;09:25:32,483;0x7f62f079ebc0 ;24,09
2022-02-04;09:25:36,482;0x7f62f079fa30 ;24,21
2022-02-04;09:25:44,096;0x7f62f079fb80 ;23,98
2022-02-04;09:26:16,285;0x7f62f079ebc0 ;24,08
2022-02-04;09:26:19,225;0x7f62f079fa30 ;24,21
2022-02-04;09:26:22,810;0x7f62f079ebc0 ;24,08
2022-02-04;09:26:27,790;0x7f62f079fb80 ;23,98
2022-02-04;09:26:32,230;0x7f62f0634c40 ;24,27
2022-02-04;09:26:35,880;0x7f62f0634d00 ;24,15
2022-02-04;09:26:44,429;0x7f62f0634dc0 ;23,89
2022-02-04;09:26:47,416;0x7f62f0634d00 ;24,15
2022-02-04;09:27:41,274;0x7f62f079ebc0 ;24,08
2022-02-04;09:27:50,169;0x7f62f079ebc0 ;24,08
2022-02-04;09:27:53,480;0x7f62f079fa30 ;24,21
2022-02-04;09:27:56,431;0x7f62f079ebc0 ;24,08
2022-02-04;09:28:04,292;0x7f62f079ebc0 ;24,09
2022-02-04;09:28:07,997;0x7f62f079fa30 ;24,21
2022-02-04;09:28:11,485;0x7f62f079ebc0 ;24,08
2022-02-04;09:28:23,089;0x7f62f079fa30 ;24,21
2022-02-04;09:28:26,317;0x7f62f079ebc0 ;24,09
2022-02-04;09:28:34,113;0x7f62f079ebc0 ;24,08
2022-02-04;09:28:38,796;0x7f62f079fa30 ;24,21
2022-02-04;09:28:43,097;0x7f62f079ebc0 ;24,08
2022-02-04;09:28:56,704;0x7f62f079fa30 ;24,21
2022-02-04;09:28:59,718;0x7f62f079ebc0 ;24,08
2022-02-04;09:29:13,580;0x7f62f079ebc0 ;24,09
2022-02-04;09:29:33,892;0x7f62f079fa30 ;24,21
2022-02-04;09:29:52,163;0x7f62f079fa30 ;24,21
2022-02-04;09:29:55,799;0x7f62f079fb80 ;23,98
2022-02-04;09:29:58,757;0x7f62f079fa30 ;24,21
2022-02-04;09:30:48,801;0x7f62f079fb80 ;23,98
2022-02-04;09:30:52,265;0x7f62f079fa30 ;24,23
2022-02-04;09:32:40,279;0x7f62f079fa30 ;24,23
2022-02-04;09:32:46,992;0x7f62f079fa30 ;24,21
2022-02-04;09:33:15,089;0x7f62f079fb80 ;23,98
2022-02-04;09:33:18,084;0x7f62f079fa30 ;24,23
2022-02-04;13:16:46,338;0x7fd47c39b0a0 ;24,02
2022-02-04;13:16:49,329;0x7fd47c39b0a0 ;24,02
2022-02-04;13:17:54,732;0x7fd47c39b0a0 ;24,02
2022-02-04;13:17:58,999;0x7fd47c39b970 ;24,23
2022-02-04;13:18:02,222;0x7fd47c39b880 ;24,02
2022-02-04;13:18:06,905;0x7fd47c2313c0 ;23,47
2022-02-04;17:16:23,867;0x7f294818f250 ;24,08
2022-02-04;17:16:29,511;0x7f294818f250 ;24,08
2022-02-04;18:08:28,544;0x7fd93cc53be0 ;24,06
2022-02-04;18:08:40,311;0x7fe13c7cd2a0 ;21,62
2022-02-04;18:08:44,833;0x7fe13c7cd2a0 ;21,62
2022-02-07;14:04:37,913;0x7f9ec65f61d0 ;21,36
2022-02-07;14:04:42,281;0x7f9ec65f61d0 ;21,36
2022-02-07;14:04:57,025;0x7ff652571c00 ;24,02
2022-02-07;14:05:02,668;0x7ff652571c00 ;24,04
2022-02-07;14:07:29,377;0x7ff652571c00 ;24,02
2022-02-07;14:09:29,595;0x7ff652571c00 ;24,02
2022-02-07;14:09:38,797;0x7ff652572a70 ;24,17
2022-02-07;14:09:44,416;0x7ff652571c00 ;24,04
2022-02-07;14:09:50,036;0x7ff652572a70 ;24,17
2022-02-07;14:09:55,692;0x7ff652571c00 ;24,02
2022-02-07;14:10:03,996;0x7ff652572a70 ;24,17
2022-02-07;14:10:10,233;0x7ff652571c00 ;24,02
2022-02-07;14:10:21,497;0x7ff652572a70 ;24,17
2022-02-07;14:10:27,590;0x7ff652571c00 ;24,02
2022-02-07;14:21:33,941;0x7f6c7414bcd0 ;24,02
2022-02-07;14:21:39,556;0x7f6c7414bcd0 ;24,02
2022-02-07;14:22:55,467;0x7f143c2391b0 ;24,02
2022-02-07;14:23:01,065;0x7f143c2391b0 ;24,02
2022-02-07;14:23:25,880;0x7f143c2391b0 ;24,04
2022-02-07;14:26:35,519;0x7f49ee7cbb80 ;24,04
2022-02-07;14:26:41,168;0x7f49ee7cbb80 ;24,04
2022-02-07;14:27:09,616;0x7f49ee7cbb80 ;24,04
2022-02-07;14:27:28,852;0x7f49ee7cbb80 ;24,02
2022-02-07;14:27:44,286;0x7f49ee7d88b0 ;24,19
2022-02-07;14:27:49,981;0x7f49ee7cbb80 ;24,02
2022-02-07;14:30:13,442;0x7f8e2ee4fc70 ;24,02
2022-02-07;14:30:19,092;0x7f8e2ee4fc70 ;24,04
2022-02-07;14:30:58,316;0x7f8e2ee4fc70 ;24,02
2022-02-07;14:31:08,299;0x7f8e2ee4fc70 ;24,02
2022-02-07;14:31:43,849;0x7f8e2ee4fc70 ;24,02
2022-02-07;14:31:51,479;0x7f8e2ee549a0 ;24,19
2022-02-07;14:31:57,102;0x7f8e2ee4fc70 ;24,02
2022-02-08;00:23:35,848;0x7ff3707692d0 ;24,06
2022-02-08;00:23:41,446;0x7ff3707692d0 ;24,08
2022-02-08;00:24:14,011;0x7ff3707692d0 ;24,06
2022-02-08;00:24:31,210;0x7ff3707692d0 ;24,08
2022-02-08;00:25:50,233;0x7ff370768fd0 ;24,19
2022-02-08;00:25:55,829;0x7ff3707692d0 ;24,08
2022-02-08;00:26:06,773;0x7ff3707692d0 ;24,08
2022-02-08;00:26:15,237;0x7ff3707692d0 ;24,06
2022-02-08;00:26:24,001;0x7ff3707692d0 ;24,08
2022-02-08;23:09:33,530;0x7f92de24d870 ;24,02
2022-02-08;23:09:39,143;0x7f92de24d870 ;24,02
2022-02-08;23:17:32,122;0x7f92de24d870 ;24,06
2022-02-08;23:17:41,008;0x7f92de24ce20 ;24,21
2022-02-08;23:17:48,398;0x7f92de24d870 ;24,04
2022-02-08;23:39:22,218;0x7efcda487a00 ;21,42
2022-02-08;23:39:26,498;0x7efcda487a00 ;21,42
2022-02-08;23:40:21,421;0x7efcda487a00 ;21,42
2022-02-08;23:40:38,013;0x7efcda487a00 ;21,42
2022-02-08;23:40:58,933;0x7efcda487a00 ;21,42
2022-02-08;23:41:03,383;0x7efcda490550 ;21,55
2022-02-08;23:41:07,691;0x7efcda490610 ;21,64
2022-02-08;23:41:14,054;0x7efcda487a00 ;21,42
2022-02-08;23:41:20,250;0x7efcda490550 ;21,55
2022-02-08;23:41:25,551;0x7efcda490610 ;21,64
2022-02-08;23:41:35,155;0x7efcda487a00 ;21,42
2022-02-08;23:41:44,553;0x7efcda487a00 ;21,42
2022-02-08;23:41:48,948;0x7efcda490550 ;21,53
2022-02-08;23:41:55,049;0x7efcda487a00 ;21,42
2022-02-08;23:42:04,222;0x7efcda487a00 ;21,4
2022-02-08;23:42:22,660;0x7efcda487a00 ;21,42
2022-02-08;23:42:28,749;0x7efcda490550 ;21,53
2022-02-08;23:42:41,053;0x7efcda490550 ;21,53
2022-02-08;23:42:46,658;0x7efcda490610 ;21,64
2022-02-08;23:42:51,072;0x7efcda490610 ;21,64
2022-02-08;23:42:57,952;0x7efcda490610 ;21,64
2022-02-08;23:43:09,554;0x7efcda487a00 ;21,42
2022-02-08;23:43:19,296;0x7efcda487a00 ;21,42
2022-02-08;23:43:26,162;0x7efcda487a00 ;21,44
2022-02-08;23:43:35,888;0x7efcda487a00 ;21,44
2022-02-08;23:43:41,554;0x7efcda487a00 ;21,42
2022-02-08;23:43:51,638;0x7efcda487a00 ;21,42
2022-02-08;23:44:01,269;0x7efcda490550 ;21,53
2022-02-08;23:44:07,456;0x7efcda487a00 ;21,42
2022-02-08;23:44:14,010;0x7efcda487a00 ;21,44
2022-02-08;23:44:31,602;0x7efcda487a00 ;21,42
2022-02-08;23:44:36,087;0x7efcda490550 ;21,53
2022-02-08;23:44:40,514;0x7efcda490610 ;21,64
2022-02-08;23:44:51,783;0x7efcda487a00 ;21,42
2022-02-08;23:44:58,852;0x7efcda490550 ;21,53
2022-02-08;23:45:06,660;0x7efcda490610 ;21,64
2022-02-08;23:45:12,456;0x7efcda490550 ;21,53
2022-02-08;23:45:17,447;0x7efcda487a00 ;21,42
2022-02-08;23:45:40,944;0x7efcda487a00 ;21,42
2022-02-08;23:45:45,157;0x7efcda490550 ;21,53
2022-02-08;23:45:51,863;0x7efcda490610 ;21,64
2022-02-08;23:45:59,052;0x7efcda487a00 ;21,42
2022-02-08;23:47:44,506;0x7f64f238bd00 ;21,42
2022-02-08;23:47:48,875;0x7f64f238bd00 ;21,42
2022-02-08;23:48:56,175;0x7f64f238bd00 ;21,42
2022-02-08;23:48:56,228;0x7f64e83926e0 ;-13,85
2022-02-08;23:48:56,237;0x7f64f2394ca0 ;21,7
2022-02-08;23:49:00,513;0x7f64f2394d60 ;21,53
2022-02-08;23:49:02,631;0x7f64f2394dc0 ;21,21
2022-02-08;23:49:02,706;0x7f64e8392770 ;21,62
2022-02-08;23:49:04,848;0x7f64f23944f0 ;21,64
2022-02-08;23:49:09,034;0x7f64f23947c0 ;21,34
2022-02-08;23:49:09,151;0x7f64e83927d0 ;21,61
2022-02-08;23:49:09,159;0x7f64f23949d0 ;21,64
2022-02-08;23:49:15,446;0x7f64f2394820 ;21,59
2022-02-08;23:49:15,557;0x7f64e8392830 ;21,51
2022-02-08;23:49:26,187;0x7f64f238bd00 ;21,42
2022-02-08;23:49:26,227;0x7f64f2394ca0 ;21,68
2022-02-08;23:49:26,234;0x7f64e83926e0 ;-13,85
2022-02-08;23:49:30,619;0x7f64f2394d60 ;21,53
2022-02-08;23:49:32,633;0x7f64f2394dc0 ;21,19
2022-02-08;23:49:32,675;0x7f64e8392770 ;21,62
2022-02-08;23:49:34,847;0x7f64f23944f0 ;21,64
2022-02-08;23:49:39,026;0x7f64f23947c0 ;21,34
2022-02-08;23:49:39,085;0x7f64e83927d0 ;21,59
2022-02-08;23:49:39,232;0x7f64f23949d0 ;21,64
2022-02-08;23:49:45,391;0x7f64f2394820 ;21,57
2022-02-08;23:49:45,485;0x7f64e8392830 ;21,51
2022-02-08;23:49:56,179;0x7f64f238bd00 ;21,44
2022-02-08;23:49:56,232;0x7f64e83926e0 ;-13,85
2022-02-08;23:49:56,237;0x7f64f2394ca0 ;21,7
2022-02-08;23:50:00,395;0x7f64f2394d60 ;21,55
2022-02-08;23:50:02,623;0x7f64f2394dc0 ;21,23
2022-02-08;23:50:02,676;0x7f64e8392770 ;21,62
2022-02-08;23:50:04,819;0x7f64f23944f0 ;21,64
2022-02-08;23:50:09,021;0x7f64f23947c0 ;21,32
2022-02-08;23:50:09,087;0x7f64e83927d0 ;21,61
2022-02-08;23:50:09,345;0x7f64f23949d0 ;21,64
2022-02-08;23:50:15,435;0x7f64f2394820 ;21,59
2022-02-08;23:50:15,531;0x7f64e8392830 ;21,51
2022-02-08;23:57:40,369;0x7f5cf971ba90 ;21,44
2022-02-08;23:57:44,673;0x7f5cf971ba90 ;21,45
2022-02-08;23:59:46,795;0x7f32d7ca3e20 ;21,45
2022-02-08;23:59:51,203;0x7f32d7ca3e20 ;21,45
2022-02-09;12:13:57,050;0x7f32d7ca3fa0 ;21,47
2022-02-09;12:14:01,406;0x7f32d7ca3eb0 ;21,78
2022-02-09;12:14:06,571;0x7f32d7ca3e20 ;21,45
2022-02-09;12:14:29,052;0x7f32d7ca3fa0 ;21,45
2022-02-09;12:14:37,258;0x7f32d7ca3eb0 ;21,78
2022-02-09;12:14:41,587;0x7f32d7ca3730 ;21,55
2022-02-09;12:14:50,670;0x7f32d7ca3e20 ;21,47
2022-02-10;15:19:49,910;0x7f03fb12df30 ;21,55
2022-02-10;15:19:54,291;0x7f03fb12df30 ;21,55
2022-02-10;15:24:10,955;0x7f7a8fdc79a0 ;21,55
2022-02-10;15:24:15,262;0x7f7a8fdc79a0 ;21,55
2022-02-10;15:28:20,269;0x7f157610bd00 ;21,57
2022-02-10;15:28:21,353;0x7f157610bd00 ;21,55
2022-02-10;15:28:33,135;0x7f44f932fca0 ;21,57
2022-02-10;15:28:34,189;0x7f44f932fca0 ;21,55
2022-02-10;15:29:42,603;0x7f50e80e1ea0 ;24,25
2022-02-10;15:29:48,286;0x7f50e80e1ea0 ;24,25
2022-02-10;15:33:24,795;0x7f5b2c34fac0 ;24,27
2022-02-10;15:33:30,443;0x7f5b2c34fac0 ;24,27
2022-02-10;15:35:48,693;0x7fccb0753c40 ;24,25
2022-02-10;15:35:54,404;0x7fccb0753c40 ;24,25
2022-02-10;15:48:52,941;0x7f4b4bc239d0 ;21,57
2022-02-10;15:48:53,954;0x7f4b4bc239d0 ;21,57
2022-02-11;09:46:37,789;0x7fe5881a7a30 ;24,17
2022-02-11;09:46:43,477;0x7fe5881a7a30 ;24,17
2022-02-11;09:57:41,215;0x7fcdd411b970 ;24,15
2022-02-11;09:57:46,839;0x7fcdd411b970 ;24,15
2022-02-11;10:05:14,974;0x7fcdd411b970 ;23,96
2022-02-11;10:47:36,198;0x7fcdd4124940 ;23,91
2022-02-11;13:48:10,400;0x7fcdce75e290 ;23,98
2022-02-11;13:48:16,739;0x7fcdd4124940 ;23,87
2022-02-11;15:42:43,816;0x7fcdd411b970 ;24,06
2022-02-11;15:42:49,390;0x7fcdd41246a0 ;24,3
2022-02-11;15:42:54,993;0x7fcdce75e290 ;24,02
2022-02-11;16:43:09,689;0x7fcdd411b970 ;24,06
2022-02-11;16:43:16,838;0x7fcdd41246a0 ;24,3
2022-02-11;16:43:23,096;0x7fcdd411b970 ;24,06
2022-02-11;13:54:19,408;0x7f06bf4d3fd0 ;20,96
2022-02-11;13:54:20,427;0x7f06bf4d3fd0 ;20,96
2022-02-11;18:13:33,236;0x7fc91a2a7a00 ;24,09
2022-02-11;18:13:38,825;0x7fc91a2a7a00 ;24,09
2022-02-11;18:15:20,599;0x7fa139c7fdc0 ;24,09
2022-02-11;18:15:26,218;0x7fa139c7fdc0 ;24,09
2022-02-12;00:30:49,169;0x7f3ac4197ca0 ;24,15
2022-02-12;00:30:54,770;0x7f3ac4197ca0 ;24,15
2022-02-12;11:56:39,807;0x7f3ac41a09d0 ;24,53
2022-02-12;11:56:46,304;0x7f3ac4197ca0 ;24,32
2022-02-12;11:56:52,879;0x7f3ac41a0b20 ;24,34
2022-02-12;11:56:59,119;0x7f3ac41a0c40 ;24,36
2022-02-12;11:57:05,529;0x7f3ac41a0c70 ;24,19
2022-02-12;11:57:12,189;0x7f3abcc1e5c0 ;24,27
2022-02-12;11:57:18,344;0x7f3abcc1e680 ;24,48
2022-02-12;11:57:24,582;0x7f3abcc1e740 ;24,23
2022-02-12;11:57:30,909;0x7f3abcc1e800 ;24,27
2022-02-12;11:57:37,169;0x7f3abcc1e8c0 ;24,3
2022-02-12;11:57:43,308;0x7f3abcc1e980 ;24,49
2022-02-12;11:57:49,511;0x7f3abcc1ea40 ;24,46
2022-02-12;11:57:55,707;0x7f3abcc1eb00 ;24,13
2022-02-12;11:58:01,322;0x7f3abcc1ebc0 ;24,32
2022-02-12;12:00:09,798;0x7f3abcc1ea40 ;24,44
2022-02-12;12:00:15,967;0x7f3abcc1ebc0 ;24,3
2022-02-12;12:00:24,476;0x7f3abcc1ea40 ;24,44
2022-02-12;12:00:40,189;0x7f3abcc1ebc0 ;24,3
2022-02-12;12:01:14,628;0x7f3abcc1ea40 ;24,44
2022-02-12;12:01:20,797;0x7f3abcc1ebc0 ;24,32
2022-02-12;12:05:41,145;0x7f3abcc1ea40 ;24,44
2022-02-12;12:05:46,850;0x7f3abcc1ebc0 ;24,32
2022-02-12;12:06:10,327;0x7f3abcc1ea40 ;24,44
2022-02-12;12:06:16,078;0x7f3abcc1ebc0 ;24,3
2022-02-12;12:06:25,828;0x7f3abcc1ebc0 ;24,3
2022-02-12;12:06:32,388;0x7f3abcc1ebc0 ;24,3
2022-02-12;12:06:37,948;0x7f3abcc1ea40 ;24,44
2022-02-12;12:06:43,537;0x7f3abcc1ebc0 ;24,3
2022-02-12;12:17:24,782;0x7f3abcc1ea40 ;24,42
2022-02-12;12:17:31,166;0x7f3abcc1ebc0 ;24,3
2022-02-12;12:17:41,225;0x7f3abcc1ebc0 ;24,3
2022-02-12;12:17:49,224;0x7f3abcc1ebc0 ;24,3
2022-02-12;12:17:58,882;0x7f3abcc1ebc0 ;24,28
2022-02-17;15:32:00,770;0x7f3ac4197ca0 ;24,48
2022-02-17;15:32:07,172;0x7f3ac41a09d0 ;24,63
2022-02-17;15:32:13,570;0x7f3ac41a0b20 ;24,44
2022-02-17;15:32:19,819;0x7f3ac4197ca0 ;24,48
2022-02-18;11:26:27,581;0x7f3abcbbc040 ;23,26
2022-02-18;11:26:44,808;0x7f3abcbbc100 ;23,81
2022-02-18;11:27:26,631;0x7f3abcbbc040 ;23,26
2022-02-18;11:27:33,340;0x7f3abcc1ff40 ;23,77
2022-02-18;11:27:56,689;0x7f3abcbbc040 ;23,26
2022-02-18;11:29:20,882;0x7f3abcc1ff40 ;23,77
2022-02-18;11:30:05,169;0x7f3abcbbc040 ;23,26
2022-02-18;11:30:10,716;0x7f3abcc1ff40 ;23,79
2022-02-18;11:30:17,182;0x7f3abcbbc040 ;23,28
2022-02-18;11:30:38,791;0x7f3abcbbc100 ;23,83
2022-02-18;11:30:44,342;0x7f3abcbbc040 ;23,26
2022-02-18;11:31:15,084;0x7f3abcbbc100 ;23,83
2022-02-18;11:31:21,277;0x7f3abcbbc040 ;23,26
2022-02-18;11:31:43,405;0x7f3abcc1ff40 ;23,77
2022-02-18;11:31:50,483;0x7f3abcbbc040 ;23,26
2022-02-17;10:47:49,576;0x7f64d0c37af0 ;21,72
2022-02-17;10:47:50,698;0x7f64d0c37af0 ;21,72
2022-02-17;10:48:28,663;0x7f64d0c40610 ;21,93
2022-02-17;10:48:31,053;0x7f64d0c37af0 ;21,72
2022-02-17;10:49:01,264;0x7f64d0c40610 ;21,91
2022-02-17;10:49:03,266;0x7f64d0c37af0 ;21,72
2022-02-17;10:50:01,362;0x7f64d0c40610 ;21,93
2022-02-17;10:50:03,077;0x7f64d0c37af0 ;21,72
2022-02-17;10:50:08,574;0x7f64d0c40610 ;21,93
2022-02-17;10:50:10,161;0x7f64d0c37af0 ;21,7
2022-02-17;10:51:50,860;0x7f64d0c40610 ;21,91
2022-02-17;10:51:52,153;0x7f64d0c37af0 ;21,7
2022-02-17;10:51:59,367;0x7f64d0c40610 ;21,91
2022-02-17;10:52:01,149;0x7f64d0c37af0 ;21,72
2022-02-17;10:52:12,765;0x7f64d0c40610 ;21,91
2022-02-17;10:52:13,753;0x7f64d0c37af0 ;21,7
2022-02-17;11:00:03,994;0x7f9116ea3a00 ;21,68
2022-02-17;11:00:05,080;0x7f9116ea3a00 ;21,7
2022-02-17;12:49:12,390;0x7fd6a75e2050 ;22,38
2022-02-17;12:49:14,949;0x7fd6a75e2050 ;22,38
2022-02-17;12:49:29,898;0x7fd6a75e28c0 ;-13,9
2022-02-17;12:49:42,534;0x7fd6a75e2050 ;22,38
2022-02-17;13:04:36,491;0x7f1ecf6d3af0 ;26,07
2022-02-17;13:04:37,348;0x7f1ecf6d3af0 ;63,79
2022-02-17;13:07:02,944;0x7f1ecf720610 ;63,79
2022-02-17;13:07:05,370;0x7f1ecf7206d0 ;63,79
2022-02-17;13:09:01,214;0x7f095f687af0 ;63,79
2022-02-17;13:09:02,250;0x7f095f687af0 ;63,79
2022-02-17;13:09:52,770;0x7f53c9077c70 ;63,79
2022-02-17;13:09:53,615;0x7f53c9077c70 ;63,79
2022-02-17;13:12:20,488;0x7f88f7163b80 ;21,53
2022-02-17;13:12:21,363;0x7f88f7163b80 ;63,79
2022-02-17;13:12:36,538;0x7f88f71b06a0 ;63,79
2022-02-17;13:13:01,339;0x7f88f7163b80 ;63,79
2022-02-17;13:13:18,635;0x7f88f7163b80 ;63,79
2022-02-17;13:13:21,655;0x7f88f7163b80 ;63,79
2022-02-17;13:14:16,342;0x7fe2de7b3a00 ;63,79
2022-02-17;13:14:56,654;0x7fa8b6241090 ;21,51
2022-02-17;13:14:57,717;0x7fa8b6241090 ;21,51
2022-02-17;13:16:43,059;0x7fa8b6241090 ;21,53
2022-02-17;13:19:29,485;0x7fc048545090 ;21,53
2022-02-17;13:19:34,025;0x7fc048545090 ;21,53
2022-02-17;13:19:58,379;0x7fc048544730 ;21,72
2022-02-17;13:20:12,471;0x7fc048545090 ;21,53
2022-02-17;13:20:42,950;0x7f444b10fa30 ;21,53
2022-02-17;13:20:47,560;0x7f444b10fa30 ;21,53
2022-02-17;13:21:09,561;0x7f44401be830 ;-789,71
2022-02-17;13:21:16,637;0x7f44401be8c0 ;-733,45
2022-02-17;13:21:24,635;0x7f44401be920 ;-178,06
2022-02-17;13:23:03,729;0x7f0df3d8d090 ;21,51
2022-02-17;13:23:08,344;0x7f0df3d8d090 ;21,53
2022-02-17;13:24:01,449;0x7f0df3d8d090 ;21,53
2022-02-17;13:24:16,755;0x7f0df3d8c730 ;21,72
2022-02-17;13:24:22,230;0x7f0df00a29e0 ;-13,81
2022-02-17;13:24:29,449;0x7f0df3d8d090 ;21,49
2022-02-17;15:27:18,650;0x7f0df3d8c730 ;21,85
2022-02-17;15:27:23,031;0x7f0df3d8d090 ;21,64
2022-02-17;15:27:52,951;0x7f0df3d8d090 ;21,64
2022-02-17;15:28:00,249;0x7f0df3d8c730 ;21,83
2022-02-17;15:28:05,261;0x7f0df3d8d090 ;21,62
2022-02-17;15:30:30,456;0x7f0df3d8c730 ;21,85
2022-02-17;15:30:35,352;0x7f0df3d8d090 ;21,64
2022-02-17;15:30:45,457;0x7f0df3d8c730 ;21,85
2022-02-17;15:30:50,352;0x7f0df3d8d090 ;21,62
2022-02-17;15:30:58,091;0x7f0df3d8c730 ;21,85
2022-02-17;15:31:03,066;0x7f0df3d8d090 ;21,64
2022-02-18;11:28:52,028;0x7f0df00a29e0 ;-13,87
2022-02-18;11:59:07,868;0x7f0df3d8d090 ;21,7
2022-02-18;11:59:22,850;0x7f0df3d8c730 ;21,85
2022-02-18;11:59:27,200;0x7f0df3d8c7f0 ;22,14
2022-02-18;11:59:51,553;0x7f0df3d8d090 ;21,68
2022-02-18;12:00:14,550;0x7f0df3d8c730 ;21,89
2022-02-18;12:00:18,850;0x7f0df3d8d090 ;21,68
2022-02-18;11:40:09,029;0x7f97f25d75b0 ;24,23
2022-02-18;11:40:14,607;0x7f97f25d75b0 ;24,23
2022-02-18;11:45:44,425;0x7f97f2483940 ;23,03
2022-02-18;11:45:53,384;0x7f97f2483a00 ;23,49
2022-02-18;11:45:59,225;0x7f97f2483940 ;23,03
2022-02-18;11:48:49,836;0x7f97f2483940 ;23,01
2022-02-18;11:48:57,211;0x7f97f2483880 ;23,41
2022-02-18;11:49:02,723;0x7f97f2483940 ;23,01
2022-02-18;11:49:10,629;0x7f97f2483a00 ;23,47
2022-02-18;11:49:16,228;0x7f97f2483940 ;23,01
2022-02-18;11:49:22,809;0x7f97f2483a00 ;23,45
2022-02-18;11:49:28,465;0x7f97f2483940 ;22,99
2022-02-18;11:56:05,196;0x7f97f2483940 ;23,07
2022-02-18;11:56:17,629;0x7f97f2483940 ;23,09
2022-02-18;11:56:42,929;0x7f97f2483940 ;23,09
2022-02-18;11:57:16,360;0x7f97f2483940 ;23,09
2022-02-20;00:36:18,303;0x7f97f2483940 ;23,85
2022-02-20;00:36:32,420;0x7f97f2483940 ;23,83
2022-02-20;00:37:27,539;0x7f97f2483940 ;23,83
2022-02-20;00:37:34,695;0x7f97f2483940 ;23,85
2022-02-20;00:43:33,625;0x7fb20ee73d90 ;21,7
2022-02-20;00:43:38,054;0x7fb20ee73d90 ;21,7
2022-02-20;00:44:40,629;0x7fb1f7e6a770 ;-13,85
2022-03-04;19:40:48,750;0x7fb20ee73d90 ;22,94
2022-03-04;19:40:54,854;0x7fb20eec0df0 ;23,15
2022-03-04;19:40:59,859;0x7fb20ee73d90 ;22,94
2022-03-07;00:47:57,950;0x7fb20eec0df0 ;22,82
2022-03-07;00:48:03,965;0x7fb20ee73d90 ;22,63
2022-03-08;17:34:56,563;0x7fb20eec0df0 ;24,84
2022-03-08;17:35:01,966;0x7fb20ee73d90 ;24,63
2022-02-21;15:25:22,512;0x7f5c4842ba60 ;24,04
2022-02-21;15:25:26,233;0x7f5c4842ba60 ;24,04
2022-02-21;15:26:15,279;0x7f5c48274220 ;24,02
2022-02-21;15:29:48,102;0x7f5c48274220 ;24,04
2022-02-21;15:30:03,005;0x7f5c48274220 ;24,04
2022-02-21;15:30:30,879;0x7f5c48274220 ;24,02
2022-02-21;15:30:34,744;0x7f5c48274220 ;24,04
2022-02-21;15:31:16,742;0x7f5c48274220 ;24,04
2022-02-21;15:32:05,844;0x7f5c48274220 ;24,04
2022-02-21;22:05:14,059;0x7f22f0513a90 ;24,08
2022-02-21;22:05:17,808;0x7f22f0513a90 ;24,08
2022-02-21;22:05:36,828;0x7f22f03bfdf0 ;24,09
2022-03-04;19:47:17,129;0x7f37e7fe2530 ;-13,9
2022-03-04;19:47:19,565;0x7f37e7fe2530 ;-13,9
2022-03-04;19:47:46,279;0x7f37e7fe2530 ;-13,9
2022-03-04;19:47:49,394;0x7f37e7fe2da0 ;23,52
2022-03-04;19:47:53,070;0x7f37e7fe2530 ;-13,9
2022-03-07;23:27:35,782;0x7f37e7fe2da0 ;23,24
2022-03-07;23:27:44,531;0x7f37e7fe3280 ;23,52
2022-03-07;23:27:53,269;0x7f37e7fe2cb0 ;-13,9
2022-03-07;23:27:59,954;0x7f37e7fe2530 ;-13,9
2022-03-07;23:28:10,933;0x7f37e7fe2530 ;-13,9
2022-03-07;23:28:17,355;0x7f37e7fe2da0 ;23,24
2022-03-07;23:28:21,611;0x7f37e7fe3280 ;23,52
2022-03-07;23:28:28,760;0x7f37e7fe2530 ;-13,9
2022-03-07;23:28:37,060;0x7f37e7fe2da0 ;23,22
2022-03-07;23:31:05,155;0x7f976a5d0a90 ;-13,9
2022-03-07;23:31:07,562;0x7f976a5d0a90 ;-13,9
2022-03-07;23:31:31,941;0x7f976a5d0a90 ;-13,9
2022-03-07;23:31:39,844;0x7f976a5d1300 ;23,24
2022-03-07;23:31:42,935;0x7f976a5d0a90 ;-13,9
2022-03-07;23:31:52,659;0x7f976a5d1300 ;23,24
2022-03-07;23:31:59,855;0x7f976a5d17e0 ;23,52
2022-03-07;23:32:09,379;0x7f976a5d1210 ;-13,9
2022-03-07;23:39:40,091;0x7f976a5d1300 ;23,26
2022-03-07;23:39:51,971;0x7f976a5d0a90 ;-13,9
2022-03-08;00:55:37,061;0x7f976a5d1300 ;23,35
2022-03-08;00:55:40,846;0x7f976a5d17e0 ;23,62
2022-03-08;00:55:44,385;0x7f976a5d1210 ;-13,9
2022-03-08;00:55:47,852;0x7f976a5d0a90 ;-13,9
2022-03-08;16:09:01,466;0x7f976a5d1300 ;24,8
2022-03-08;16:09:04,670;0x7f976a5d17e0 ;25,18
2022-03-08;16:09:07,812;0x7f976a5d1210 ;-13,9
2022-03-08;16:09:10,228;0x7f976a5d0a90 ;-13,9
2022-03-08;17:36:02,160;0x7fe715f17a90 ;24,65
2022-03-08;17:36:06,535;0x7fe715f17a90 ;24,63
2022-03-08;17:36:48,659;0x7fe715f17a90 ;24,63
2022-03-08;19:35:34,154;0x7fe715f645e0 ;24,72
2022-03-08;19:35:39,869;0x7fe715f17a90 ;24,51
2022-03-09;15:30:40,963;0x7fe715f17a90 ;24,78
2022-03-09;15:30:48,280;0x7fe715f645e0 ;24,65
2022-03-09;15:31:01,197;0x7fe715f645e0 ;24,65
2022-03-09;15:31:01,336;0x7fe70af22890 ;-13,87
2022-03-09;15:31:01,341;0x7fe715f64e50 ;24,63
2022-03-09;15:31:05,794;0x7fe715f646a0 ;24,82
2022-03-09;15:31:07,850;0x7fe70af22920 ;24,65
2022-03-09;15:31:07,864;0x7fe715f64f70 ;24,61
2022-03-09;15:31:10,228;0x7fe715f64b80 ;24,59
2022-03-09;15:31:14,362;0x7fe70af22980 ;24,55
2022-03-09;15:31:14,420;0x7fe715f64970 ;24,46
2022-03-09;15:31:20,908;0x7fe715f649d0 ;24,59
2022-03-09;15:31:20,953;0x7fe70af229e0 ;24,99
2022-03-09;15:31:29,053;0x7fe715f17a90 ;24,78
2022-03-09;15:31:36,538;0x7fe70af229e0 ;25,03
2022-03-09;15:31:43,566;0x7fe715f17a90 ;24,8
2022-03-09;15:42:45,782;0x7fe715f17a90 ;24,8
2022-03-09;15:42:45,943;0x7fe70af22890 ;-13,87
2022-03-09;15:42:45,945;0x7fe715f64e50 ;24,65
2022-03-09;15:42:50,157;0x7fe715f645e0 ;24,66
2022-03-09;15:42:52,395;0x7fe70af22920 ;24,68
2022-03-09;15:42:52,508;0x7fe715f64f70 ;24,63
2022-03-09;15:42:54,560;0x7fe715f646a0 ;24,84
2022-03-09;15:42:58,927;0x7fe715f64b80 ;24,61
2022-03-09;15:42:58,946;0x7fe70af22980 ;24,57
2022-03-09;15:42:59,041;0x7fe715f64970 ;24,49
2022-03-09;15:43:05,412;0x7fe70af229e0 ;25,03
2022-03-09;15:43:05,540;0x7fe715f649d0 ;24,61
2022-03-09;15:43:12,368;0x7fe715f17a90 ;24,82
2022-03-09;15:44:49,101;0x7fe715f17a90 ;24,8
2022-03-09;15:44:49,234;0x7fe70af22890 ;-13,87
2022-03-09;15:44:49,242;0x7fe715f64e50 ;24,65
2022-03-09;15:44:53,388;0x7fe715f645e0 ;24,66
2022-03-09;15:44:55,737;0x7fe715f64f70 ;24,65
2022-03-09;15:44:55,770;0x7fe70af22920 ;24,66
2022-03-09;15:44:57,838;0x7fe715f646a0 ;24,84
2022-03-09;15:45:02,212;0x7fe715f64970 ;24,48
2022-03-09;15:45:02,263;0x7fe70af22980 ;24,57
2022-03-09;15:45:02,276;0x7fe715f64b80 ;24,61
2022-03-09;15:45:08,629;0x7fe715f649d0 ;24,61
2022-03-09;15:45:08,814;0x7fe70af229e0 ;25,05
2022-03-09;15:45:15,751;0x7fe715f17a90 ;24,82
2022-03-09;16:01:24,949;0x7fe715f17a90 ;24,84
2022-03-09;16:01:25,037;0x7fe70af22890 ;-13,85
2022-03-09;16:01:25,056;0x7fe715f64e50 ;24,68
2022-03-09;16:01:29,318;0x7fe715f645e0 ;24,74
2022-03-09;16:01:31,479;0x7fe715f64f70 ;24,66
2022-03-09;16:01:31,517;0x7fe70af22920 ;24,7
2022-03-09;16:01:33,748;0x7fe715f646a0 ;24,87
2022-03-09;16:01:37,936;0x7fe715f64970 ;24,51
2022-03-09;16:01:38,076;0x7fe70af22980 ;24,61
2022-03-09;16:01:38,242;0x7fe715f64b80 ;24,65
2022-03-09;16:01:44,414;0x7fe715f649d0 ;24,65
2022-03-09;16:01:44,571;0x7fe70af229e0 ;25,06
2022-03-09;16:01:54,372;0x7fe715f17a90 ;24,84
2022-03-09;16:02:14,262;0x7fe715f645e0 ;24,72
2022-03-09;16:02:19,750;0x7fe715f17a90 ;24,84
2022-03-09;16:15:22,620;0x7fe715f17a90 ;24,85
2022-03-09;16:15:22,729;0x7fe715f64e50 ;24,68
2022-03-09;16:15:22,739;0x7fe70af22890 ;-13,87
2022-03-09;16:15:27,058;0x7fe715f645e0 ;24,74
2022-03-09;16:15:29,237;0x7fe70af22920 ;24,74
2022-03-09;16:15:29,270;0x7fe715f64f70 ;24,68
2022-03-09;16:15:31,412;0x7fe715f646a0 ;24,89
2022-03-09;16:15:35,761;0x7fe70af22980 ;24,63
2022-03-09;16:15:35,775;0x7fe715f64970 ;24,55
2022-03-09;16:15:35,914;0x7fe715f64b80 ;24,66
2022-03-09;16:15:42,247;0x7fe715f649d0 ;24,66
2022-03-09;16:15:42,297;0x7fe70af229e0 ;25,08
2022-03-09;16:15:51,175;0x7fe715f17a90 ;24,85
2022-03-09;16:40:23,235;0x7fe715f17a90 ;24,89
2022-03-09;16:40:23,334;0x7fe70af22890 ;-13,89
2022-03-09;16:40:23,349;0x7fe715f64e50 ;24,72
2022-03-09;16:40:27,693;0x7fe715f645e0 ;24,76
2022-03-09;16:40:29,752;0x7fe70af22920 ;24,76
2022-03-09;16:40:29,853;0x7fe715f64f70 ;24,72
2022-03-09;16:40:32,125;0x7fe715f646a0 ;24,95
2022-03-09;16:40:36,255;0x7fe70af22980 ;24,66
2022-03-09;16:40:36,314;0x7fe715f64970 ;24,57
2022-03-09;16:40:36,616;0x7fe715f64b80 ;24,7
2022-03-09;16:40:42,781;0x7fe70af229e0 ;25,1
2022-03-09;16:40:42,850;0x7fe715f649d0 ;24,68
2022-03-09;16:40:50,749;0x7fe715f17a90 ;24,89
2022-03-17;19:10:08,780;0x7fe715f645e0 ;25,01
2022-03-17;19:10:14,154;0x7fe715f646a0 ;25,16
2022-03-17;19:10:19,356;0x7fe715f64b80 ;24,89
2022-03-17;19:10:24,541;0x7fe715f64e50 ;24,89
2022-03-17;19:10:31,617;0x7fe715f64f70 ;24,82
2022-03-17;19:10:38,730;0x7fe715f64970 ;24,7
2022-03-17;19:10:45,940;0x7fe715f649d0 ;24,84
2022-03-17;19:10:51,827;0x7fe70af22890 ;-13,87
2022-03-17;19:11:02,457;0x7fe70af22920 ;24,97
2022-03-17;19:11:15,028;0x7fe70af22890 ;-13,87
2022-03-17;19:11:46,327;0x7fe715f649d0 ;24,84
2022-03-17;19:11:53,632;0x7fe70af22920 ;24,99
2022-03-17;19:12:00,737;0x7fe70af22980 ;24,87
2022-03-17;19:12:08,234;0x7fe70af229e0 ;25,16
2022-03-17;19:12:28,446;0x7fe715f17a90 ;25,12
2022-03-18;16:34:21,130;0x7fe70af22980 ;25,12
2022-03-18;16:35:22,838;0x7fe70af22980 ;25,12
2022-03-18;16:35:33,143;0x7fe70af22980 ;25,1
2022-03-18;16:43:15,653;0x7fe70af22980 ;25,12
2022-03-20;13:37:10,134;0x7fe70af22980 ;25,37
2022-03-20;15:31:29,660;0x7fe715f17a90 ;25,9
2022-03-20;15:31:34,857;0x7fe715f64b80 ;25,71
2022-03-20;15:31:39,927;0x7fe70af22890 ;-13,87
2022-03-20;15:31:47,028;0x7fe70af22920 ;25,75
2022-03-20;15:31:54,027;0x7fe70af22980 ;25,65
2022-03-20;15:43:21,725;0x7fe715f64e50 ;25,77
2022-03-20;15:50:23,238;0x7fe715f64e50 ;25,79
2022-03-08;21:08:51,959;0x7f155d926500 ;25,2
2022-03-08;21:08:54,436;0x7f155d926500 ;25,2
2022-03-08;21:09:45,448;0x7f155d926d70 ;-13,9
2022-03-08;21:10:04,439;0x7f155d927250 ;-13,9
2022-03-08;21:10:15,425;0x7f155d926c80 ;25,14
2022-03-08;21:10:55,662;0x7f155d926500 ;25,2
2022-03-08;21:11:10,720;0x7f155d926500 ;25,2
2022-03-08;21:11:15,562;0x7f155d926d70 ;-13,9
2022-03-08;21:11:20,128;0x7f155d926500 ;25,2
2022-03-09;15:28:55,667;0x7f155d926d70 ;-13,9
2022-03-09;15:28:58,746;0x7f155d927250 ;-13,9
2022-03-09;15:29:01,739;0x7f155d926c80 ;24,09
2022-03-09;15:29:09,179;0x7f155d926c80 ;24,11
2022-03-09;15:29:12,965;0x7f155d927250 ;-13,9
2022-03-09;15:29:18,132;0x7f155d927250 ;-13,9
2022-03-09;15:29:21,464;0x7f155d926d70 ;-13,9
2022-03-09;15:29:27,478;0x7f155d926d70 ;-13,9
2022-03-09;15:29:30,870;0x7f155d926500 ;24,27
2022-03-09;15:29:35,977;0x7f155d926500 ;24,27
2022-03-09;15:29:39,442;0x7f155d926d70 ;-13,9
2022-03-09;15:29:42,372;0x7f155d927250 ;-13,9
2022-03-09;15:29:45,476;0x7f155d926c80 ;24,11
2022-03-09;15:29:48,554;0x7f155d926500 ;24,27
2022-03-09;15:29:53,749;0x7f155d926500 ;24,27
2022-03-09;15:29:56,866;0x7f155d926d70 ;-13,9
2022-03-09;15:30:02,291;0x7f155d926d70 ;-13,9
2022-03-09;15:30:05,273;0x7f155d927250 ;-13,9
2022-03-09;15:30:10,770;0x7f155d927250 ;-13,9
2022-03-09;15:30:13,944;0x7f155d926c80 ;24,11
2022-03-09;15:30:18,564;0x7f155d926c80 ;24,09
2022-03-22;08:42:51,008;0x7f4e4ffdfc40 ;25,56
2022-03-22;08:42:55,506;0x7f4e4ffdfc40 ;25,56
2022-03-22;08:43:25,857;0x7f4e4ffdfc40 ;25,56
2022-03-22;08:43:33,727;0x7f4e4c3ee710 ;25,44
2022-03-22;08:43:55,331;0x7f4e4c3ee710 ;25,44
2022-03-22;08:55:52,472;0x7f4e4ffdfc40 ;25,5
2022-03-22;08:59:41,751;0x7f4e4ffe8ca0 ;25,39
2022-03-22;08:59:51,759;0x7f4e4ffe8430 ;25,46
2022-03-22;08:59:57,739;0x7f4e4c3ee710 ;25,35
2022-03-22;09:00:04,474;0x7f4e4ffdfc40 ;25,5
2022-03-22;09:04:41,928;0x7f4e4c3ee620 ;-13,85
2022-03-22;09:04:52,627;0x7f4e4c3ee710 ;25,35
2022-03-22;09:11:51,471;0x7f3b56d23bb0 ;25,48
2022-03-22;09:11:55,765;0x7f3b56d23bb0 ;25,48
2022-03-22;09:13:49,068;0x7f763f6b7d90 ;25,48
2022-03-22;09:13:53,357;0x7f763f6b7d90 ;25,48
2022-03-22;09:14:26,660;0x7f763f6b7d90 ;25,48
2022-03-22;09:15:41,768;0x7fdaada97b20 ;25,48
2022-03-22;09:15:45,928;0x7fdaada97b20 ;25,48
2022-03-22;09:16:14,425;0x7fc49bf6ba90 ;25,48
2022-03-22;09:16:18,583;0x7fc49bf6ba90 ;25,48
2022-03-22;09:16:51,578;0x7fc13b0dba00 ;25,48
2022-03-22;09:16:55,837;0x7fc13b0dba00 ;25,48
2022-03-22;09:17:34,261;0x7fc1300da8f0 ;25,31
2022-03-22;09:19:33,771;0x7fc13b0dba00 ;25,48
2022-03-22;09:19:38,075;0x7fc13b12c550 ;25,35
2022-03-22;09:19:42,851;0x7fc1300da8f0 ;25,29
2022-03-22;09:19:56,649;0x7fc13b0dba00 ;25,48
2022-03-22;15:11:28,393;0x7fc13b0dba00 ;26,38
2022-03-22;15:11:33,451;0x7fc13b12c550 ;26,24
2022-03-22;15:11:38,552;0x7fc13b0dba00 ;26,38
2022-03-22;15:11:47,089;0x7fc13b0dba00 ;26,39
2022-03-22;15:12:13,686;0x7fc13b12cdc0 ;26,2
2022-03-22;15:12:13,688;0x7fc1300da800 ;-13,87
2022-03-22;15:12:13,712;0x7fc13b0dba00 ;26,39
2022-03-22;15:12:18,017;0x7fc13b12c550 ;26,26
2022-03-22;15:12:18,077;0x7fc1300da890 ;26,2
2022-03-22;15:12:18,080;0x7fc13b12cee0 ;26,19
2022-03-22;15:12:22,342;0x7fc13b12c8e0 ;26,05
2022-03-22;15:12:22,380;0x7fc1300da8f0 ;26,24
2022-03-22;15:12:22,412;0x7fc13b12c610 ;26,39
2022-03-22;15:12:26,564;0x7fc13b12c940 ;26,13
2022-03-22;15:12:26,690;0x7fc13b12caf0 ;26,19
2022-03-22;15:12:26,730;0x7fc1300da950 ;26,49
2022-03-22;15:12:38,785;0x7fc13b0dba00 ;26,38
2022-03-22;15:12:38,792;0x7fc1300da800 ;-13,87
2022-03-22;15:12:38,794;0x7fc13b12cdc0 ;26,22
2022-03-22;15:12:43,047;0x7fc13b12cee0 ;26,17
2022-03-22;15:12:43,062;0x7fc13b12c550 ;26,26
2022-03-22;15:12:43,076;0x7fc1300da890 ;26,2
2022-03-22;15:12:47,354;0x7fc1300da8f0 ;26,24
2022-03-22;15:12:47,365;0x7fc13b12c8e0 ;26,05
2022-03-22;15:12:47,396;0x7fc13b12c610 ;26,39
2022-03-22;15:12:51,576;0x7fc1300da950 ;26,47
2022-03-22;15:12:51,643;0x7fc13b12c940 ;26,15
2022-03-22;15:12:51,653;0x7fc13b12caf0 ;26,19
2022-03-22;15:12:56,974;0x7fc13b0dba00 ;26,39
2022-03-22;15:13:03,358;0x7fc13b12c550 ;26,24
2022-03-22;15:13:08,550;0x7fc13b0dba00 ;26,39
2022-03-22;15:13:21,988;0x7fc1300da800 ;-13,87
2022-03-22;15:13:22,010;0x7fc13b0dba00 ;26,39
2022-03-22;15:13:22,011;0x7fc13b12cdc0 ;26,22
2022-03-22;15:13:26,258;0x7fc13b12c550 ;26,26
2022-03-22;15:13:26,265;0x7fc13b12cee0 ;26,17
2022-03-22;15:13:26,302;0x7fc1300da890 ;26,22
2022-03-22;15:13:30,489;0x7fc13b12c8e0 ;26,07
2022-03-22;15:13:30,601;0x7fc13b12c610 ;26,39
2022-03-22;15:13:30,664;0x7fc1300da8f0 ;26,26
2022-03-22;15:13:34,778;0x7fc13b12c940 ;26,13
2022-03-22;15:13:34,845;0x7fc13b12caf0 ;26,19
2022-03-22;15:13:34,909;0x7fc1300da950 ;26,49
2022-03-22;15:13:41,163;0x7fc13b0dba00 ;26,41
2022-03-22;15:18:01,265;0x7fc13b12cdc0 ;26,22
2022-03-22;15:18:11,106;0x7fc13b12cdc0 ;26,22
2022-03-22;15:18:19,942;0x7fc13b12cdc0 ;26,22
2022-03-22;15:18:44,014;0x7fc13b12cdc0 ;26,22
2022-03-22;15:18:51,390;0x7fc13b12cdc0 ;26,22
2022-03-22;15:19:07,490;0x7fc13b12cdc0 ;26,22
2022-03-23;12:23:14,066;0x7fc1300da8f0 ;25,92
2022-03-23;12:23:32,190;0x7fc1300da8f0 ;25,9
2022-03-23;12:23:44,483;0x7fc1300da8f0 ;25,9
2022-03-23;12:23:54,709;0x7fc1300da8f0 ;25,9
2022-03-23;12:24:02,462;0x7fc13b12cdc0 ;25,84
2022-03-25;13:28:41,167;0x7fc1300da8f0 ;26,22
2022-03-25;13:28:51,776;0x7fc1300da8f0 ;26,19
2022-03-25;13:28:58,893;0x7fc1300da8f0 ;26,22
2022-03-25;13:32:09,780;0x7fc1300da8f0 ;26,19
2022-03-25;13:36:35,509;0x7fc1300da8f0 ;26,22
2022-03-25;13:43:59,922;0x7fc1300da8f0 ;26,2
2022-03-25;13:44:08,590;0x7fc1300da8f0 ;26,22
